Id,IsDeleted,MasterRecordId,Name,Type,ParentId,BillingStreet,BillingCity,BillingState,BillingPostalCode,BillingCountry,BillingStateCode,BillingCountryCode,BillingLatitude,BillingLongitude,BillingGeocodeAccuracy,ShippingStreet,ShippingCity,ShippingState,ShippingPostalCode,ShippingCountry,ShippingStateCode,ShippingCountryCode,ShippingLatitude,ShippingLongitude,ShippingGeocodeAccuracy,Phone,Fax,AccountNumber,Website,PhotoUrl,Sic,Industry,AnnualRevenue,NumberOfEmployees,Ownership,TickerSymbol,Description,Rating,Site,OwnerId,CreatedDate,CreatedById,LastModifiedDate,LastModifiedById,SystemModstamp,LastActivityDate,LastViewedDate,LastReferencedDate,Jigsaw,JigsawCompanyId,CleanStatus,AccountSource,DunsNumber,Tradestyle,NaicsCode,NaicsDesc,YearStarted,SicDesc,DandbCompanyId,OperatingHoursId,CustomerPriority__c,SLA__c,Active__c,NumberofLocations__c,UpsellOpportunity__c,SLASerialNumber__c,SLAExpirationDate__c,__START_AT,__END_AT
001fj00001UnaoaAAB,false,null,Edge Communications,Customer - Direct,null,"312 Constitution Place
Austin, TX 78767
USA",Austin,TX,null,United States,TX,US,null,null,null,"312 Constitution Place
Austin, TX 78767
USA",null,null,null,null,null,null,null,null,null,(512) 757-6000,(512) 757-9000,CD451796,http://edgecomm.com,/services/images/photo/001fj00001UnaoaAAB,6576,Electronics,139000000.00000000000000000000,1000,Public,EDGE,"Edge, founded in 1998, is a start-up based in Austin, TX. The company designs and manufactures a device to convert music from one digital format to another. Edge sells its product through retailers and its own website.",Hot,null,005fj00000JPHp8AAH,2026-07-20T10:24:12.000Z,005fj00000JPHp8AAH,2026-07-20T10:24:12.000Z,005fj00000JPHp8AAH,2026-07-20T10:24:12.000Z,null,null,null,null,null,Pending,null,null,null,null,null,null,null,null,null,Medium,Silver,Yes,2,Maybe,2657,2026-08-12,2026-07-20T10:24:12.000Z,null
001fj00001UnaobAAB,false,null,Burlington Textiles Corp of America,Customer - Direct,null,525 S. Lexington Ave,Burlington,NC,27215,USA,NC,US,null,null,null,null,null,null,null,null,null,null,null,null,null,(336) 222-7000,(336) 222-8000,CD656092,www.burlington.com,/services/images/photo/001fj00001UnaobAAB,546732,Apparel,350000000.00000000000000000000,9000,Public,BTXT,null,Warm,null,005fj00000JPHp8AAH,2026-07-20T10:24:12.000Z,005fj00000JPHp8AAH,2026-07-20T10:24:12.000Z,005fj00000JPHp8AAH,2026-07-20T10:24:12.000Z,null,null,null,null,null,Pending,null,null,null,null,null,null,null,null,null,null,Silver,null,6,Maybe,5367,2026-08-12,2026-07-20T10:24:12.000Z,null
001fj00001UnaocAAB,false,null,Pyramid Construction Inc.,Customer - Channel,null,2 Place Jussieu,Paris,null,75251,France,null,FR,null,null,null,2 Place Jussieu,Paris,null,75251,France,null,FR,null,null,null,(014) 427-4427,(014) 427-4428,CC213425,www.pyramid.com,/services/images/photo/001fj00001UnaocAAB,4253,Construction,950000000.00000000000000000000,2680,Public,PYR,null,null,null,005fj00000JPHp8AAH,2026-07-20T10:24:12.000Z,005fj00000JPHp8AAH,2026-07-20T10:24:12.000Z,005fj00000JPHp8AAH,2026-07-20T10:24:12.000Z,null,null,null,null,null,Pending,null,null,null,null,null,null,null,null,null,null,Silver,Yes,17,Maybe,9840,2027-02-12,2026-07-20T10:24:12.000Z,null
001fj00001UnaodAAB,false,null,Dickenson plc,Customer - Channel,null,1301 Hoch Drive,Lawrence,KS,66045,USA,KS,US,null,null,null,1301 Hoch Drive,Lawrence,KS,66045,USA,KS,US,null,null,null,(785) 241-6200,(785) 241-6201,CC634267,dickenson-consulting.com,/services/images/photo/001fj00001UnaodAAB,6752,Consulting,50000000.00000000000000000000,120,Private,null,null,null,null,005fj00000JPHp8AAH,2026-07-20T10:24:12.000Z,005fj00000JPHp8AAH,2026-07-20T10:24:12.000Z,005fj00000JPHp8AAH,2026-07-20T10:24:12.000Z,null,null,null,null,null,Pending,null,null,null,null,null,null,null,null,null,Low,Bronze,Yes,2,No,7425,2027-02-12,2026-07-20T10:24:12.000Z,null
001fj00001UnaoeAAB,false,null,Grand Hotels & Resorts Ltd,Customer - Direct,null,"2334 N. Michigan Avenue, Suite 1500
Chicago, IL 60601, USA",Chicago,IL,null,United States,IL,US,null,null,null,"2334 N. Michigan Avenue, Suite 1500
Chicago, IL 60601, USA",null,null,null,null,null,null,null,null,null,(312) 596-1000,(312) 596-1500,CD439877,www.grandhotels.com,/services/images/photo/001fj00001UnaoeAAB,2268,Hospitality,500000000.00000000000000000000,5600,Public,GHTL,"Chain of hotels and resorts across the US, UK, Eastern Europe, Japan, and SE Asia.",Warm,null,005fj00000JPHp8AAH,2026-07-20T10:24:12.000Z,005fj00000JPHp8AAH,2026-07-20T10:24:12.000Z,005fj00000JPHp8AAH,2026-07-20T10:24:12.000Z,null,null,null,null,null,Pending,null,null,null,null,null,null,null,null,null,High,Gold,Yes,57,Yes,5572,2027-02-12,2026-07-20T10:24:12.000Z,null
001fj00001UnaofAAB,false,null,United Oil & Gas Corp.,Customer - Direct,null,"1301 Avenue of the Americas 
New York, NY 10019
USA",New York,NY,null,United States,NY,US,null,null,null,"1301 Avenue of the Americas 
New York, NY 10019
USA",null,null,null,null,null,null,null,null,null,(212) 842-5500,(212) 842-5501,CD355118,http://www.uos.com,/services/images/photo/001fj00001UnaofAAB,4437,Energy,5600000000.00000000000000000000,145000,Public,UOS,World's third largest oil and gas company.,Hot,null,005fj00000JPHp8AAH,2026-07-20T10:24:12.000Z,005fj00000JPHp8AAH,2026-07-20T10:24:12.000Z,005fj00000JPHp8AAH,2026-07-20T10:24:12.000Z,null,null,null,null,null,Pending,null,null,null,null,null,null,null,null,null,High,Platinum,Yes,955,Yes,6654,2027-02-12,2026-07-20T10:24:12.000Z,null
001fj00001UnaogAAB,false,null,Express Logistics and Transport,Customer - Channel,null,"620 SW 5th Avenue Suite 400
Portland, Oregon 97204
United States",Portland,OR,null,United States,OR,US,null,null,null,"620 SW 5th Avenue Suite 400
Portland, Oregon 97204
United States",null,null,null,null,null,null,null,null,null,(503) 421-7800,(503) 421-7801,CC947211,www.expressl&t.net,/services/images/photo/001fj00001UnaogAAB,8742,Transportation,950000000.00000000000000000000,12300,Public,EXLT,Commerical logistics and transportation company.,Cold,null,005fj00000JPHp8AAH,2026-07-20T10:24:12.000Z,005fj00000JPHp8AAH,2026-07-20T10:24:12.000Z,005fj00000JPHp8AAH,2026-07-20T10:24:12.000Z,null,null,null,null,null,Pending,null,null,null,null,null,null,null,null,null,Medium,Platinum,Yes,150,Maybe,4724,2027-02-12,2026-07-20T10:24:12.000Z,null
001fj00001UnaohAAB,false,null,University of Arizona,Customer - Direct,null,"888 N Euclid 
Hallis Center, Room 501
Tucson, AZ 85721
United States",Tucson,AZ,null,United States,AZ,US,null,null,null,"888 N Euclid 
Hallis Center, Room 501
Tucson, AZ 85721
United States",null,null,null,null,null,null,null,null,null,(520) 773-9050,(520) 773-9060,CD736025,www.universityofarizona.com,/services/images/photo/001fj00001UnaohAAB,7321,Education,null,39000,Other,null,"Leading university in AZ offering undergraduate and graduate programs in arts and humanities, pure sciences, engineering, business, and medicine.",Warm,null,005fj00000JPHp8AAH,2026-07-20T10:24:12.000Z,005fj00000JPHp8AAH,2026-07-20T10:24:12.000Z,005fj00000JPHp8AAH,2026-07-20T10:24:12.000Z,null,null,null,null,null,Pending,null,null,null,null,null,null,null,null,null,Medium,Gold,Yes,3,Yes,8350,2026-08-12,2026-07-20T10:24:12.000Z,null
001fj00001UnaoiAAB,false,null,"United Oil & Gas, UK",Customer - Direct,null,"Kings Park, 17th Avenue, Team Valley Trading Estate,
Gateshead, Tyne and Wear NE26 3HS
United Kingdom",null,UK,null,null,null,null,null,null,null,"Kings Park, 17th Avenue, Team Valley Trading Estate,
Gateshead, Tyne and Wear NE26 3HS
United Kingdom",null,null,null,null,null,null,null,null,null,+44 191 4956203,+44 191 4956620,CD355119-A,http://www.uos.com,/services/images/photo/001fj00001UnaoiAAB,4437,Energy,null,24000,Public,UOS,null,null,null,005fj00000JPHp8AAH,2026-07-20T10:24:12.000Z,005fj00000JPHp8AAH,2026-07-20T10:24:12.000Z,005fj00000JPHp8AAH,2026-07-20T10:24:12.000Z,null,null,null,null,null,Pending,null,null,null,null,null,null,null,null,null,High,Platinum,Yes,34,No,3479,2026-08-12,2026-07-20T10:24:12.000Z,null
001fj00001UnaojAAB,false,null,"United Oil & Gas, Singapore",Customer - Direct,null,"9 Tagore Lane
Singapore, Singapore 787472
Singapore",Singapore,Singapore,null,null,null,null,null,null,null,"9 Tagore Lane
Singapore, Singapore 787472
Singapore",null,null,null,null,null,null,null,null,null,(650) 450-8810,(650) 450-8820,CD355120-B,http://www.uos.com,/services/images/photo/001fj00001UnaojAAB,4437,Energy,null,3000,Public,UOS,null,null,null,005fj00000JPHp8AAH,2026-07-20T10:24:12.000Z,005fj00000JPHp8AAH,2026-07-20T10:24:12.000Z,005fj00000JPHp8AAH,2026-07-20T10:24:12.000Z,null,null,null,null,null,Pending,null,null,null,null,null,null,null,null,null,High,Platinum,Yes,6,Maybe,2457,2027-02-12,2026-07-20T10:24:12.000Z,null
001fj00001UnaokAAB,false,null,GenePoint,Customer - Channel,null,"345 Shoreline Park
Mountain View, CA 94043
USA",Mountain View,CA,null,United States,CA,US,null,null,null,"345 Shoreline Park
Mountain View, CA 94043
USA",null,null,null,null,null,null,null,null,null,(650) 867-3450,(650) 867-9895,CC978213,www.genepoint.com,/services/images/photo/001fj00001UnaokAAB,3712,Biotechnology,30000000.00000000000000000000,265,Private,null,Genomics company engaged in mapping and sequencing of the human genome and developing gene-based drugs,Cold,null,005fj00000JPHp8AAH,2026-07-20T10:24:12.000Z,005fj00000JPHp8AAH,2026-07-20T10:24:12.000Z,005fj00000JPHp8AAH,2026-07-20T10:24:12.000Z,null,null,null,null,null,Pending,null,null,null,null,null,null,null,null,null,Low,Bronze,Yes,1,Yes,7324,2027-02-12,2026-07-20T10:24:12.000Z,null
001fj00001UnaolAAB,false,null,sForce,null,null,The Landmark @ One Market,San Francisco,CA,94087,US,CA,US,null,null,null,null,null,null,null,null,null,null,null,null,null,(415) 901-7000,(415) 901-7002,null,www.sforce.com,/services/images/photo/001fj00001UnaolAAB,null,null,null,null,null,null,null,null,null,005fj00000JPHp8AAH,2026-07-20T10:24:12.000Z,005fj00000JPHp8AAH,2026-07-20T10:24:12.000Z,005fj00000JPHp8AAH,2026-07-20T10:24:12.000Z,null,null,null,null,null,Pending,null,null,null,null,null,null,null,null,null,null,null,null,null,null,null,null,2026-07-20T10:24:12.000Z,null
001fj00001UnaomAAB,false,null,Sample Account for Entitlements,null,null,null,null,null,null,null,null,null,null,null,null,null,null,null,null,null,null,null,null,null,null,null,null,null,null,/services/images/photo/001fj00001UnaomAAB,null,null,null,null,null,null,null,null,null,005fj00000JPKQQAA5,2026-07-20T10:24:12.000Z,005fj00000JPKQQAA5,2026-07-20T10:24:12.000Z,005fj00000JPKQQAA5,2026-07-20T10:24:12.000Z,null,null,null,null,null,Pending,null,null,null,null,null,null,null,null,null,null,null,null,null,null,null,null,2026-07-20T10:24:12.000Z,null
001fj00001ZjmwhAAB,false,null,Royal Bazaar Pvt Ltd 1,Customer - Channel,null,null,Pune,Maharashtra,null,India,MH,IN,null,null,null,null,null,null,null,null,null,null,null,null,null,null,null,null,https://royalbazaar1.com,/services/images/photo/001fj00001ZjmwhAAB,null,Retail,null,null,null,null,null,null,null,005fj00000Ji4eTAAR,2026-07-31T07:50:08.000Z,005fj00000Ji4eTAAR,2026-07-31T07:50:08.000Z,005fj00000Ji4eTAAR,2026-07-31T07:50:08.000Z,null,null,null,null,null,Pending,null,null,null,null,null,null,null,null,null,null,null,null,null,null,null,null,2026-07-31T07:50:08.000Z,null
001fj00001ZjmwiAAB,false,null,Value Enterprises Pvt Ltd 2,Customer - Channel,null,null,Pune,Maharashtra,null,India,MH,IN,null,null,null,null,null,null,null,null,null,null,null,null,null,null,null,null,https://valueenterprises2.com,/services/images/photo/001fj00001ZjmwiAAB,null,Retail,null,null,null,null,null,null,null,005fj00000Ji4eTAAR,2026-07-31T07:50:08.000Z,005fj00000Ji4eTAAR,2026-07-31T07:50:08.000Z,005fj00000Ji4eTAAR,2026-07-31T07:50:08.000Z,null,null,null,null,null,Pending,null,null,null,null,null,null,null,null,null,null,null,null,null,null,null,null,2026-07-31T07:50:08.000Z,null
001fj00001ZjmwjAAB,false,null,Smart Bazaar Pvt Ltd 3,Customer - Direct,null,null,Hyderabad,Telangana,null,India,TG,IN,null,null,null,null,null,null,null,null,null,null,null,null,null,null,null,null,https://smartbazaar3.com,/services/images/photo/001fj00001ZjmwjAAB,null,Retail,null,null,null,null,null,null,null,005fj00000Ji4eTAAR,2026-07-31T07:50:08.000Z,005fj00000Ji4eTAAR,2026-07-31T07:50:08.000Z,005fj00000Ji4eTAAR,2026-07-31T07:50:08.000Z,null,null,null,null,null,Pending,null,null,null,null,null,null,null,null,null,null,null,null,null,null,null,null,2026-07-31T07:50:08.000Z,null
001fj00001ZjmwkAAB,false,null,Fresh Stores Pvt Ltd 4,Customer - Channel,null,null,Kolkata,West Bengal,null,India,WB,IN,null,null,null,null,null,null,null,null,null,null,null,null,null,null,null,null,https://freshstores4.com,/services/images/photo/001fj00001ZjmwkAAB,null,Retail,null,null,null,null,null,null,null,005fj00000Ji4eTAAR,2026-07-31T07:50:08.000Z,005fj00000Ji4eTAAR,2026-07-31T07:50:08.000Z,005fj00000Ji4eTAAR,2026-07-31T07:50:08.000Z,null,null,null,null,null,Pending,null,null,null,null,null,null,null,null,null,null,null,null,null,null,null,null,2026-07-31T07:50:08.000Z,null
001fj00001ZjmwlAAB,false,null,Global Traders Pvt Ltd 5,Customer - Direct,null,null,Chennai,Tamil Nadu,null,India,TN,IN,null,null,null,null,null,null,null,null,null,null,null,null,null,null,null,null,https://globaltraders5.com,/services/images/photo/001fj00001ZjmwlAAB,null,Retail,null,null,null,null,null,null,null,005fj00000Ji4eTAAR,2026-07-31T07:50:08.000Z,005fj00000Ji4eTAAR,2026-07-31T07:50:08.000Z,005fj00000Ji4eTAAR,2026-07-31T07:50:08.000Z,null,null,null,null,null,Pending,null,null,null,null,null,null,null,null,null,null,null,null,null,null,null,null,2026-07-31T07:50:08.000Z,null
001fj00001ZjmwmAAB,false,null,Smart Outlet Pvt Ltd 6,Customer - Channel,null,null,Jaipur,Rajasthan,null,India,RJ,IN,null,null,null,null,null,null,null,null,null,null,null,null,null,null,null,null,https://smartoutlet6.com,/services/images/photo/001fj00001ZjmwmAAB,null,Retail,null,null,null,null,null,null,null,005fj00000Ji4eTAAR,2026-07-31T07:50:08.000Z,005fj00000Ji4eTAAR,2026-07-31T07:50:08.000Z,005fj00000Ji4eTAAR,2026-07-31T07:50:08.000Z,null,null,null,null,null,Pending,null,null,null,null,null,null,null,null,null,null,null,null,null,null,null,null,2026-07-31T07:50:08.000Z,null
001fj00001ZjmwnAAB,false,null,Prime Mart Pvt Ltd 7,Customer - Channel,null,null,Lucknow,Uttar Pradesh,null,India,UP,IN,null,null,null,null,null,null,null,null,null,null,null,null,null,null,null,null,https://primemart7.com,/services/images/photo/001fj00001ZjmwnAAB,null,Retail,null,null,null,null,null,null,null,005fj00000Ji4eTAAR,2026-07-31T07:50:08.000Z,005fj00000Ji4eTAAR,2026-07-31T07:50:08.000Z,005fj00000Ji4eTAAR,2026-07-31T07:50:08.000Z,null,null,null,null,null,Pending,null,null,null,null,null,null,null,null,null,null,null,null,null,null,null,null,2026-07-31T07:50:08.000Z,null
001fj00001ZjmwoAAB,false,null,Metro Bazaar Pvt Ltd 8,Customer - Direct,null,null,Kolkata,West Bengal,null,India,WB,IN,null,null,null,null,null,null,null,null,null,null,null,null,null,null,null,null,https://metrobazaar8.com,/services/images/photo/001fj00001ZjmwoAAB,null,Retail,null,null,null,null,null,null,null,005fj00000Ji4eTAAR,2026-07-31T07:50:08.000Z,005fj00000Ji4eTAAR,2026-07-31T07:50:08.000Z,005fj00000Ji4eTAAR,2026-07-31T07:50:08.000Z,null,null,null,null,null,Pending,null,null,null,null,null,null,null,null,null,null,null,null,null,null,null,null,2026-07-31T07:50:08.000Z,null
001fj00001ZjmwpAAB,false,null,Fresh Bazaar Pvt Ltd 9,Customer - Direct,null,null,Hyderabad,Telangana,null,India,TG,IN,null,null,null,null,null,null,null,null,null,null,null,null,null,null,null,null,https://freshbazaar9.com,/services/images/photo/001fj00001ZjmwpAAB,null,Retail,null,null,null,null,null,null,null,005fj00000Ji4eTAAR,2026-07-31T07:50:08.000Z,005fj00000Ji4eTAAR,2026-07-31T07:50:08.000Z,005fj00000Ji4eTAAR,2026-07-31T07:50:08.000Z,null,null,null,null,null,Pending,null,null,null,null,null,null,null,null,null,null,null,null,null,null,null,null,2026-07-31T07:50:08.000Z,null
001fj00001ZjmwqAAB,false,null,Fresh Bazaar Pvt Ltd 10,Customer - Channel,null,null,Mumbai,Maharashtra,null,India,MH,IN,null,null,null,null,null,null,null,null,null,null,null,null,null,null,null,null,https://freshbazaar10.com,/services/images/photo/001fj00001ZjmwqAAB,null,Retail,null,null,null,null,null,null,null,005fj00000Ji4eTAAR,2026-07-31T07:50:08.000Z,005fj00000Ji4eTAAR,2026-07-31T07:50:08.000Z,005fj00000Ji4eTAAR,2026-07-31T07:50:08.000Z,null,null,null,null,null,Pending,null,null,null,null,null,null,null,null,null,null,null,null,null,null,null,null,2026-07-31T07:50:08.000Z,null
001fj00001ZjmwrAAB,false,null,Value Mart Pvt Ltd 11,Customer - Direct,null,null,Mumbai,Maharashtra,null,India,MH,IN,null,null,null,null,null,null,null,null,null,null,null,null,null,null,null,null,https://valuemart11.com,/services/images/photo/001fj00001ZjmwrAAB,null,Retail,null,null,null,null,null,null,null,005fj00000Ji4eTAAR,2026-07-31T07:50:08.000Z,005fj00000Ji4eTAAR,2026-07-31T07:50:08.000Z,005fj00000Ji4eTAAR,2026-07-31T07:50:08.000Z,null,null,null,null,null,Pending,null,null,null,null,null,null,null,null,null,null,null,null,null,null,null,null,2026-07-31T07:50:08.000Z,null
001fj00001ZjmwsAAB,false,null,Metro Shop Pvt Ltd 12,Customer - Channel,null,null,Chennai,Tamil Nadu,null,India,TN,IN,null,null,null,null,null,null,null,null,null,null,null,null,null,null,null,null,https://metroshop12.com,/services/images/photo/001fj00001ZjmwsAAB,null,Retail,null,null,null,null,null,null,null,005fj00000Ji4eTAAR,2026-07-31T07:50:08.000Z,005fj00000Ji4eTAAR,2026-07-31T07:50:08.000Z,005fj00000Ji4eTAAR,2026-07-31T07:50:08.000Z,null,null,null,null,null,Pending,null,null,null,null,null,null,null,null,null,null,null,null,null,null,null,null,2026-07-31T07:50:08.000Z,null
001fj00001ZjmwtAAB,false,null,Global Retail Pvt Ltd 13,Customer - Direct,null,null,Delhi,Delhi,null,India,DL,IN,null,null,null,null,null,null,null,null,null,null,null,null,null,null,null,null,https://globalretail13.com,/services/images/photo/001fj00001ZjmwtAAB,null,Retail,null,null,null,null,null,null,null,005fj00000Ji4eTAAR,2026-07-31T07:50:08.000Z,005fj00000Ji4eTAAR,2026-07-31T07:50:08.000Z,005fj00000Ji4eTAAR,2026-07-31T07:50:08.000Z,null,null,null,null,null,Pending,null,null,null,null,null,null,null,null,null,null,null,null,null,null,null,null,2026-07-31T07:50:08.000Z,null
001fj00001ZjmwuAAB,false,null,Fresh Mart Pvt Ltd 14,Customer - Direct,null,null,Ahmedabad,Gujarat,null,India,GJ,IN,null,null,null,null,null,null,null,null,null,null,null,null,null,null,null,null,https://freshmart14.com,/services/images/photo/001fj00001ZjmwuAAB,null,Retail,null,null,null,null,null,null,null,005fj00000Ji4eTAAR,2026-07-31T07:50:08.000Z,005fj00000Ji4eTAAR,2026-07-31T07:50:08.000Z,005fj00000Ji4eTAAR,2026-07-31T07:50:08.000Z,null,null,null,null,null,Pending,null,null,null,null,null,null,null,null,null,null,null,null,null,null,null,null,2026-07-31T07:50:08.000Z,null
001fj00001ZjmwvAAB,false,null,Global Enterprises Pvt Ltd 15,Customer - Direct,null,null,Jaipur,Rajasthan,null,India,RJ,IN,null,null,null,null,null,null,null,null,null,null,null,null,null,4567,null,null,https://globalenterprises15.com,/services/images/photo/001fj00001ZjmwvAAB,null,Retail,null,null,null,null,null,null,null,005fj00000Ji4eTAAR,2026-07-31T07:50:08.000Z,005fj00000Ji4eTAAR,2026-08-02T15:54:34.000Z,005fj00000Ji4eTAAR,2026-08-02T15:54:34.000Z,null,2026-08-12T08:19:51.000Z,2026-08-12T08:19:51.000Z,null,null,Pending,null,null,null,null,null,null,null,null,null,null,null,null,null,null,null,null,2026-08-02T15:54:34.000Z,null
001fj00001ZjmwwAAB,false,null,Urban Mart Pvt Ltd 16,Customer - Direct,null,null,Chennai,Tamil Nadu,null,India,TN,IN,null,null,null,null,null,null,null,null,null,null,null,null,null,null,null,null,https://urbanmart16.com,/services/images/photo/001fj00001ZjmwwAAB,null,Retail,null,null,null,null,null,null,null,005fj00000Ji4eTAAR,2026-07-31T07:50:08.000Z,005fj00000Ji4eTAAR,2026-07-31T07:50:08.000Z,005fj00000Ji4eTAAR,2026-07-31T07:50:08.000Z,null,null,null,null,null,Pending,null,null,null,null,null,null,null,null,null,null,null,null,null,null,null,null,2026-07-31T07:50:08.000Z,null
001fj00001ZjmwxAAB,false,null,Global Enterprises Pvt Ltd 17,Customer - Direct,null,null,Mumbai,Maharashtra,null,India,MH,IN,null,null,null,null,null,null,null,null,null,null,null,null,null,null,null,null,https://globalenterprises17.com,/services/images/photo/001fj00001ZjmwxAAB,null,Retail,null,null,null,null,null,null,null,005fj00000Ji4eTAAR,2026-07-31T07:50:08.000Z,005fj00000Ji4eTAAR,2026-07-31T07:50:08.000Z,005fj00000Ji4eTAAR,2026-07-31T07:50:08.000Z,null,null,null,null,null,Pending,null,null,null,null,null,null,null,null,null,null,null,null,null,null,null,null,2026-07-31T07:50:08.000Z,null
001fj00001ZjmwyAAB,false,null,Metro Stores Pvt Ltd 18,Customer - Channel,null,null,Kolkata,West Bengal,null,India,WB,IN,null,null,null,null,null,null,null,null,null,null,null,null,null,null,null,null,https://metrostores18.com,/services/images/photo/001fj00001ZjmwyAAB,null,Retail,null,null,null,null,null,null,null,005fj00000Ji4eTAAR,2026-07-31T07:50:08.000Z,005fj00000Ji4eTAAR,2026-07-31T07:50:08.000Z,005fj00000Ji4eTAAR,2026-07-31T07:50:08.000Z,null,null,null,null,null,Pending,null,null,null,null,null,null,null,null,null,null,null,null,null,null,null,null,2026-07-31T07:50:08.000Z,null
001fj00001ZjmwzAAB,false,null,Elite Wholesale Pvt Ltd 19,Customer - Channel,null,null,Lucknow,Uttar Pradesh,null,India,UP,IN,null,null,null,null,null,null,null,null,null,null,null,null,null,null,null,null,https://elitewholesale19.com,/services/images/photo/001fj00001ZjmwzAAB,null,Retail,null,null,null,null,null,null,null,005fj00000Ji4eTAAR,2026-07-31T07:50:08.000Z,005fj00000Ji4eTAAR,2026-07-31T07:50:08.000Z,005fj00000Ji4eTAAR,2026-07-31T07:50:08.000Z,null,null,null,null,null,Pending,null,null,null,null,null,null,null,null,null,null,null,null,null,null,null,null,2026-07-31T07:50:08.000Z,null
001fj00001Zjmx0AAB,false,null,Global Mart Pvt Ltd 20,Customer - Direct,null,null,Kolkata,West Bengal,null,India,WB,IN,null,null,null,null,null,null,null,null,null,null,null,null,null,null,null,null,https://globalmart20.com,/services/images/photo/001fj00001Zjmx0AAB,null,Retail,null,null,null,null,null,null,null,005fj00000Ji4eTAAR,2026-07-31T07:50:08.000Z,005fj00000Ji4eTAAR,2026-07-31T07:50:08.000Z,005fj00000Ji4eTAAR,2026-07-31T07:50:08.000Z,null,null,null,null,null,Pending,null,null,null,null,null,null,null,null,null,null,null,null,null,null,null,null,2026-07-31T07:50:08.000Z,null
001fj00001Zjmx1AAB,false,null,Metro Enterprises Pvt Ltd 21,Customer - Channel,null,null,Jaipur,Rajasthan,null,India,RJ,IN,null,null,null,null,null,null,null,null,null,null,null,null,null,null,null,null,https://metroenterprises21.com,/services/images/photo/001fj00001Zjmx1AAB,null,Retail,null,null,null,null,null,null,null,005fj00000Ji4eTAAR,2026-07-31T07:50:08.000Z,005fj00000Ji4eTAAR,2026-07-31T07:50:08.000Z,005fj00000Ji4eTAAR,2026-07-31T07:50:08.000Z,null,null,null,null,null,Pending,null,null,null,null,null,null,null,null,null,null,null,null,null,null,null,null,2026-07-31T07:50:08.000Z,null
001fj00001Zjmx2AAB,false,null,Elite Enterprises Pvt Ltd 22,Customer - Channel,null,null,Lucknow,Uttar Pradesh,null,India,UP,IN,null,null,null,null,null,null,null,null,null,null,null,null,null,null,null,null,https://eliteenterprises22.com,/services/images/photo/001fj00001Zjmx2AAB,null,Retail,null,null,null,null,null,null,null,005fj00000Ji4eTAAR,2026-07-31T07:50:08.000Z,005fj00000Ji4eTAAR,2026-07-31T07:50:08.000Z,005fj00000Ji4eTAAR,2026-07-31T07:50:08.000Z,null,null,null,null,null,Pending,null,null,null,null,null,null,null,null,null,null,null,null,null,null,null,null,2026-07-31T07:50:08.000Z,null
001fj00001Zjmx3AAB,false,null,Modern Outlet Pvt Ltd 23,Customer - Direct,null,null,Mumbai,Maharashtra,null,India,MH,IN,null,null,null,null,null,null,null,null,null,null,null,null,null,null,null,null,https://modernoutlet23.com,/services/images/photo/001fj00001Zjmx3AAB,null,Retail,null,null,null,null,null,null,null,005fj00000Ji4eTAAR,2026-07-31T07:50:08.000Z,005fj00000Ji4eTAAR,2026-07-31T07:50:08.000Z,005fj00000Ji4eTAAR,2026-07-31T07:50:08.000Z,null,null,null,null,null,Pending,null,null,null,null,null,null,null,null,null,null,null,null,null,null,null,null,2026-07-31T07:50:08.000Z,null
001fj00001Zjmx4AAB,false,null,Mega Stores Pvt Ltd 24,Customer - Direct,null,null,Pune,Maharashtra,null,India,MH,IN,null,null,null,null,null,null,null,null,null,null,null,null,null,null,null,null,https://megastores24.com,/services/images/photo/001fj00001Zjmx4AAB,null,Retail,null,null,null,null,null,null,null,005fj00000Ji4eTAAR,2026-07-31T07:50:08.000Z,005fj00000Ji4eTAAR,2026-07-31T07:50:08.000Z,005fj00000Ji4eTAAR,2026-07-31T07:50:08.000Z,null,null,null,null,null,Pending,null,null,null,null,null,null,null,null,null,null,null,null,null,null,null,null,2026-07-31T07:50:08.000Z,null
001fj00001Zjmx5AAB,false,null,Urban Wholesale Pvt Ltd 25,Customer - Channel,null,null,Hyderabad,Telangana,null,India,TG,IN,null,null,null,null,null,null,null,null,null,null,null,null,null,null,null,null,https://urbanwholesale25.com,/services/images/photo/001fj00001Zjmx5AAB,null,Retail,null,null,null,null,null,null,null,005fj00000Ji4eTAAR,2026-07-31T07:50:08.000Z,005fj00000Ji4eTAAR,2026-07-31T07:50:08.000Z,005fj00000Ji4eTAAR,2026-07-31T07:50:08.000Z,null,null,null,null,null,Pending,null,null,null,null,null,null,null,null,null,null,null,null,null,null,null,null,2026-07-31T07:50:08.000Z,null
001fj00001Zjmx6AAB,false,null,Fresh Supermarket Pvt Ltd 26,Customer - Channel,null,null,Chennai,Tamil Nadu,null,India,TN,IN,null,null,null,null,null,null,null,null,null,null,null,null,null,null,null,null,https://freshsupermarket26.com,/services/images/photo/001fj00001Zjmx6AAB,null,Retail,null,null,null,null,null,null,null,005fj00000Ji4eTAAR,2026-07-31T07:50:08.000Z,005fj00000Ji4eTAAR,2026-07-31T07:50:08.000Z,005fj00000Ji4eTAAR,2026-07-31T07:50:08.000Z,null,null,null,null,null,Pending,null,null,null,null,null,null,null,null,null,null,null,null,null,null,null,null,2026-07-31T07:50:08.000Z,null
001fj00001Zjmx7AAB,false,null,Smart Retail Pvt Ltd 27,Customer - Channel,null,null,Kolkata,West Bengal,null,India,WB,IN,null,null,null,null,null,null,null,null,null,null,null,null,null,null,null,null,https://smartretail27.com,/services/images/photo/001fj00001Zjmx7AAB,null,Retail,null,null,null,null,null,null,null,005fj00000Ji4eTAAR,2026-07-31T07:50:08.000Z,005fj00000Ji4eTAAR,2026-07-31T07:50:08.000Z,005fj00000Ji4eTAAR,2026-07-31T07:50:08.000Z,null,null,null,null,null,Pending,null,null,null,null,null,null,null,null,null,null,null,null,null,null,null,null,2026-07-31T07:50:08.000Z,null
001fj00001Zjmx8AAB,false,null,Prime Enterprises Pvt Ltd 28,Customer - Direct,null,null,Delhi,Delhi,null,India,DL,IN,null,null,null,null,null,null,null,null,null,null,null,null,null,null,null,null,https://primeenterprises28.com,/services/images/photo/001fj00001Zjmx8AAB,null,Retail,null,null,null,null,null,null,null,005fj00000Ji4eTAAR,2026-07-31T07:50:08.000Z,005fj00000Ji4eTAAR,2026-07-31T07:50:08.000Z,005fj00000Ji4eTAAR,2026-07-31T07:50:08.000Z,null,null,null,null,null,Pending,null,null,null,null,null,null,null,null,null,null,null,null,null,null,null,null,2026-07-31T07:50:08.000Z,null
001fj00001Zjmx9AAB,false,null,Value Wholesale Pvt Ltd 29,Customer - Direct,null,null,Chennai,Tamil Nadu,null,India,TN,IN,null,null,null,null,null,null,null,null,null,null,null,null,null,null,null,null,https://valuewholesale29.com,/services/images/photo/001fj00001Zjmx9AAB,null,Retail,null,null,null,null,null,null,null,005fj00000Ji4eTAAR,2026-07-31T07:50:08.000Z,005fj00000Ji4eTAAR,2026-07-31T07:50:08.000Z,005fj00000Ji4eTAAR,2026-07-31T07:50:08.000Z,null,null,null,null,null,Pending,null,null,null,null,null,null,null,null,null,null,null,null,null,null,null,null,2026-07-31T07:50:08.000Z,null
001fj00001ZjmxAAAR,false,null,Smart Traders Pvt Ltd 30,Customer - Channel,null,null,Delhi,Delhi,null,India,DL,IN,null,null,null,null,null,null,null,null,null,null,null,null,null,null,null,null,https://smarttraders30.com,/services/images/photo/001fj00001ZjmxAAAR,null,Retail,null,null,null,null,null,null,null,005fj00000Ji4eTAAR,2026-07-31T07:50:08.000Z,005fj00000Ji4eTAAR,2026-07-31T07:50:08.000Z,005fj00000Ji4eTAAR,2026-07-31T07:50:08.000Z,null,null,null,null,null,Pending,null,null,null,null,null,null,null,null,null,null,null,null,null,null,null,null,2026-07-31T07:50:08.000Z,null
001fj00001ZjmxBAAR,false,null,Metro Shop Pvt Ltd 31,Customer - Direct,null,null,Ahmedabad,Gujarat,null,India,GJ,IN,null,null,null,null,null,null,null,null,null,null,null,null,null,null,null,null,https://metroshop31.com,/services/images/photo/001fj00001ZjmxBAAR,null,Retail,null,null,null,null,null,null,null,005fj00000Ji4eTAAR,2026-07-31T07:50:08.000Z,005fj00000Ji4eTAAR,2026-07-31T07:50:08.000Z,005fj00000Ji4eTAAR,2026-07-31T07:50:08.000Z,null,null,null,null,null,Pending,null,null,null,null,null,null,null,null,null,null,null,null,null,null,null,null,2026-07-31T07:50:08.000Z,null
001fj00001ZjmxCAAR,false,null,Modern Supermarket Pvt Ltd 32,Customer - Direct,null,null,Pune,Maharashtra,null,India,MH,IN,null,null,null,null,null,null,null,null,null,null,null,null,null,null,null,null,https://modernsupermarket32.com,/services/images/photo/001fj00001ZjmxCAAR,null,Retail,null,null,null,null,null,null,null,005fj00000Ji4eTAAR,2026-07-31T07:50:08.000Z,005fj00000Ji4eTAAR,2026-07-31T07:50:08.000Z,005fj00000Ji4eTAAR,2026-07-31T07:50:08.000Z,null,null,null,null,null,Pending,null,null,null,null,null,null,null,null,null,null,null,null,null,null,null,null,2026-07-31T07:50:08.000Z,null
001fj00001ZjmxDAAR,false,null,Value Mart Pvt Ltd 33,Customer - Channel,null,null,Chennai,Tamil Nadu,null,India,TN,IN,null,null,null,null,null,null,null,null,null,null,null,null,null,null,null,null,https://valuemart33.com,/services/images/photo/001fj00001ZjmxDAAR,null,Retail,null,null,null,null,null,null,null,005fj00000Ji4eTAAR,2026-07-31T07:50:08.000Z,005fj00000Ji4eTAAR,2026-07-31T07:50:08.000Z,005fj00000Ji4eTAAR,2026-07-31T07:50:08.000Z,null,null,null,null,null,Pending,null,null,null,null,null,null,null,null,null,null,null,null,null,null,null,null,2026-07-31T07:50:08.000Z,null
001fj00001ZjmxEAAR,false,null,Modern Bazaar Pvt Ltd 34,Customer - Direct,null,null,Bangalore,Karnataka,null,India,KA,IN,null,null,null,null,null,null,null,null,null,null,null,null,null,null,null,null,https://modernbazaar34.com,/services/images/photo/001fj00001ZjmxEAAR,null,Retail,null,null,null,null,null,null,null,005fj00000Ji4eTAAR,2026-07-31T07:50:08.000Z,005fj00000Ji4eTAAR,2026-07-31T07:50:08.000Z,005fj00000Ji4eTAAR,2026-07-31T07:50:08.000Z,null,null,null,null,null,Pending,null,null,null,null,null,null,null,null,null,null,null,null,null,null,null,null,2026-07-31T07:50:08.000Z,null
001fj00001ZjmxFAAR,false,null,Quick Supermarket Pvt Ltd 35,Customer - Direct,null,null,Ahmedabad,Gujarat,null,India,GJ,IN,null,null,null,null,null,null,null,null,null,null,null,null,null,null,null,null,https://quicksupermarket35.com,/services/images/photo/001fj00001ZjmxFAAR,null,Retail,null,null,null,null,null,null,null,005fj00000Ji4eTAAR,2026-07-31T07:50:08.000Z,005fj00000Ji4eTAAR,2026-07-31T07:50:08.000Z,005fj00000Ji4eTAAR,2026-07-31T07:50:08.000Z,null,null,null,null,null,Pending,null,null,null,null,null,null,null,null,null,null,null,null,null,null,null,null,2026-07-31T07:50:08.000Z,null
001fj00001ZjmxGAAR,false,null,Smart Mart Pvt Ltd 36,Customer - Channel,null,null,Delhi,Delhi,null,India,DL,IN,null,null,null,null,null,null,null,null,null,null,null,null,null,null,null,null,https://smartmart36.com,/services/images/photo/001fj00001ZjmxGAAR,null,Retail,null,null,null,null,null,null,null,005fj00000Ji4eTAAR,2026-07-31T07:50:08.000Z,005fj00000Ji4eTAAR,2026-07-31T07:50:08.000Z,005fj00000Ji4eTAAR,2026-07-31T07:50:08.000Z,null,null,null,null,null,Pending,null,null,null,null,null,null,null,null,null,null,null,null,null,null,null,null,2026-07-31T07:50:08.000Z,null
001fj00001ZjmxHAAR,false,null,Royal Retail Pvt Ltd 37,Customer - Channel,null,null,Pune,Maharashtra,null,India,MH,IN,null,null,null,null,null,null,null,null,null,null,null,null,null,null,null,null,https://royalretail37.com,/services/images/photo/001fj00001ZjmxHAAR,null,Retail,null,null,null,null,null,null,null,005fj00000Ji4eTAAR,2026-07-31T07:50:08.000Z,005fj00000Ji4eTAAR,2026-07-31T07:50:08.000Z,005fj00000Ji4eTAAR,2026-07-31T07:50:08.000Z,null,null,null,null,null,Pending,null,null,null,null,null,null,null,null,null,null,null,null,null,null,null,null,2026-07-31T07:50:08.000Z,null
001fj00001ZjmxIAAR,false,null,Value Bazaar Pvt Ltd 38,Customer - Direct,null,null,Bangalore,Karnataka,null,India,KA,IN,null,null,null,null,null,null,null,null,null,null,null,null,null,null,null,null,https://valuebazaar38.com,/services/images/photo/001fj00001ZjmxIAAR,null,Retail,null,null,null,null,null,null,null,005fj00000Ji4eTAAR,2026-07-31T07:50:08.000Z,005fj00000Ji4eTAAR,2026-07-31T07:50:08.000Z,005fj00000Ji4eTAAR,2026-07-31T07:50:08.000Z,null,null,null,null,null,Pending,null,null,null,null,null,null,null,null,null,null,null,null,null,null,null,null,2026-07-31T07:50:08.000Z,null
001fj00001ZjmxJAAR,false,null,Elite Bazaar Pvt Ltd 39,Customer - Channel,null,null,Kolkata,West Bengal,null,India,WB,IN,null,null,null,null,null,null,null,null,null,null,null,null,null,null,null,null,https://elitebazaar39.com,/services/images/photo/001fj00001ZjmxJAAR,null,Retail,null,null,null,null,null,null,null,005fj00000Ji4eTAAR,2026-07-31T07:50:08.000Z,005fj00000Ji4eTAAR,2026-07-31T07:50:08.000Z,005fj00000Ji4eTAAR,2026-07-31T07:50:08.000Z,null,null,null,null,null,Pending,null,null,null,null,null,null,null,null,null,null,null,null,null,null,null,null,2026-07-31T07:50:08.000Z,null
001fj00001ZjmxKAAR,false,null,Modern Retail Pvt Ltd 40,Customer - Channel,null,null,Jaipur,Rajasthan,null,India,RJ,IN,null,null,null,null,null,null,null,null,null,null,null,null,null,null,null,null,https://modernretail40.com,/services/images/photo/001fj00001ZjmxKAAR,null,Retail,null,null,null,null,null,null,null,005fj00000Ji4eTAAR,2026-07-31T07:50:08.000Z,005fj00000Ji4eTAAR,2026-07-31T07:50:08.000Z,005fj00000Ji4eTAAR,2026-07-31T07:50:08.000Z,null,null,null,null,null,Pending,null,null,null,null,null,null,null,null,null,null,null,null,null,null,null,null,2026-07-31T07:50:08.000Z,null
001fj00001ZjmxLAAR,false,null,Modern Retail Pvt Ltd 41,Customer - Channel,null,null,Pune,Maharashtra,null,India,MH,IN,null,null,null,null,null,null,null,null,null,null,null,null,null,null,null,null,https://modernretail41.com,/services/images/photo/001fj00001ZjmxLAAR,null,Retail,null,null,null,null,null,null,null,005fj00000Ji4eTAAR,2026-07-31T07:50:08.000Z,005fj00000Ji4eTAAR,2026-07-31T07:50:08.000Z,005fj00000Ji4eTAAR,2026-07-31T07:50:08.000Z,null,null,null,null,null,Pending,null,null,null,null,null,null,null,null,null,null,null,null,null,null,null,null,2026-07-31T07:50:08.000Z,null
001fj00001ZjmxMAAR,false,null,Elite Supermarket Pvt Ltd 42,Customer - Channel,null,null,Bangalore,Karnataka,null,India,KA,IN,null,null,null,null,null,null,null,null,null,null,null,null,null,null,null,null,https://elitesupermarket42.com,/services/images/photo/001fj00001ZjmxMAAR,null,Retail,null,null,null,null,null,null,null,005fj00000Ji4eTAAR,2026-07-31T07:50:08.000Z,005fj00000Ji4eTAAR,2026-07-31T07:50:08.000Z,005fj00000Ji4eTAAR,2026-07-31T07:50:08.000Z,null,null,null,null,null,Pending,null,null,null,null,null,null,null,null,null,null,null,null,null,null,null,null,2026-07-31T07:50:08.000Z,null
001fj00001ZjmxNAAR,false,null,Royal Retail Pvt Ltd 43,Customer - Direct,null,null,Lucknow,Uttar Pradesh,null,India,UP,IN,null,null,null,null,null,null,null,null,null,null,null,null,null,null,null,null,https://royalretail43.com,/services/images/photo/001fj00001ZjmxNAAR,null,Retail,null,null,null,null,null,null,null,005fj00000Ji4eTAAR,2026-07-31T07:50:08.000Z,005fj00000Ji4eTAAR,2026-07-31T07:50:08.000Z,005fj00000Ji4eTAAR,2026-07-31T07:50:08.000Z,null,null,null,null,null,Pending,null,null,null,null,null,null,null,null,null,null,null,null,null,null,null,null,2026-07-31T07:50:08.000Z,null
001fj00001ZjmxOAAR,false,null,Prime Stores Pvt Ltd 44,Customer - Channel,null,null,Jaipur,Rajasthan,null,India,RJ,IN,null,null,null,null,null,null,null,null,null,null,null,null,null,null,null,null,https://primestores44.com,/services/images/photo/001fj00001ZjmxOAAR,null,Retail,null,null,null,null,null,null,null,005fj00000Ji4eTAAR,2026-07-31T07:50:08.000Z,005fj00000Ji4eTAAR,2026-07-31T07:50:08.000Z,005fj00000Ji4eTAAR,2026-07-31T07:50:08.000Z,null,null,null,null,null,Pending,null,null,null,null,null,null,null,null,null,null,null,null,null,null,null,null,2026-07-31T07:50:08.000Z,null
001fj00001ZjmxPAAR,false,null,Urban Wholesale Pvt Ltd 45,Customer - Channel,null,null,Delhi,Delhi,null,India,DL,IN,null,null,null,null,null,null,null,null,null,null,null,null,null,null,null,null,https://urbanwholesale45.com,/services/images/photo/001fj00001ZjmxPAAR,null,Retail,null,null,null,null,null,null,null,005fj00000Ji4eTAAR,2026-07-31T07:50:08.000Z,005fj00000Ji4eTAAR,2026-07-31T07:50:08.000Z,005fj00000Ji4eTAAR,2026-07-31T07:50:08.000Z,null,null,null,null,null,Pending,null,null,null,null,null,null,null,null,null,null,null,null,null,null,null,null,2026-07-31T07:50:08.000Z,null
001fj00001ZjmxQAAR,false,null,Modern Supermarket Pvt Ltd 46,Customer - Channel,null,null,Jaipur,Rajasthan,null,India,RJ,IN,null,null,null,null,null,null,null,null,null,null,null,null,null,null,null,null,https://modernsupermarket46.com,/services/images/photo/001fj00001ZjmxQAAR,null,Retail,null,null,null,null,null,null,null,005fj00000Ji4eTAAR,2026-07-31T07:50:08.000Z,005fj00000Ji4eTAAR,2026-07-31T07:50:08.000Z,005fj00000Ji4eTAAR,2026-07-31T07:50:08.000Z,null,null,null,null,null,Pending,null,null,null,null,null,null,null,null,null,null,null,null,null,null,null,null,2026-07-31T07:50:08.000Z,null
001fj00001ZjmxRAAR,false,null,Prime Supermarket Pvt Ltd 47,Customer - Channel,null,null,Pune,Maharashtra,null,India,MH,IN,null,null,null,null,null,null,null,null,null,null,null,null,null,null,null,null,https://primesupermarket47.com,/services/images/photo/001fj00001ZjmxRAAR,null,Retail,null,null,null,null,null,null,null,005fj00000Ji4eTAAR,2026-07-31T07:50:08.000Z,005fj00000Ji4eTAAR,2026-07-31T07:50:08.000Z,005fj00000Ji4eTAAR,2026-07-31T07:50:08.000Z,null,null,null,null,null,Pending,null,null,null,null,null,null,null,null,null,null,null,null,null,null,null,null,2026-07-31T07:50:08.000Z,null
001fj00001ZjmxSAAR,false,null,Urban Bazaar Pvt Ltd 48,Customer - Channel,null,null,Mumbai,Maharashtra,null,India,MH,IN,null,null,null,null,null,null,null,null,null,null,null,null,null,null,null,null,https://urbanbazaar48.com,/services/images/photo/001fj00001ZjmxSAAR,null,Retail,null,null,null,null,null,null,null,005fj00000Ji4eTAAR,2026-07-31T07:50:08.000Z,005fj00000Ji4eTAAR,2026-07-31T07:50:08.000Z,005fj00000Ji4eTAAR,2026-07-31T07:50:08.000Z,null,null,null,null,null,Pending,null,null,null,null,null,null,null,null,null,null,null,null,null,null,null,null,2026-07-31T07:50:08.000Z,null
001fj00001ZjmxTAAR,false,null,Global Enterprises Pvt Ltd 49,Customer - Channel,null,null,Kolkata,West Bengal,null,India,WB,IN,null,null,null,null,null,null,null,null,null,null,null,null,null,null,null,null,https://globalenterprises49.com,/services/images/photo/001fj00001ZjmxTAAR,null,Retail,null,null,null,null,null,null,null,005fj00000Ji4eTAAR,2026-07-31T07:50:08.000Z,005fj00000Ji4eTAAR,2026-07-31T07:50:08.000Z,005fj00000Ji4eTAAR,2026-07-31T07:50:08.000Z,null,null,null,null,null,Pending,null,null,null,null,null,null,null,null,null,null,null,null,null,null,null,null,2026-07-31T07:50:08.000Z,null
001fj00001ZjmxUAAR,false,null,Smart Outlet Pvt Ltd 50,Customer - Channel,null,null,Pune,Maharashtra,null,India,MH,IN,null,null,null,null,null,null,null,null,null,null,null,null,null,null,null,null,https://smartoutlet50.com,/services/images/photo/001fj00001ZjmxUAAR,null,Retail,null,null,null,null,null,null,null,005fj00000Ji4eTAAR,2026-07-31T07:50:08.000Z,005fj00000Ji4eTAAR,2026-07-31T07:50:08.000Z,005fj00000Ji4eTAAR,2026-07-31T07:50:08.000Z,null,null,null,null,null,Pending,null,null,null,null,null,null,null,null,null,null,null,null,null,null,null,null,2026-07-31T07:50:08.000Z,null
001fj00001epvHgAAI,false,null,Global Appliances Order 51,New Customer,null,null,null,null,null,null,null,null,null,null,null,null,null,null,null,null,null,null,null,null,null,null,null,null,null,/services/images/photo/001fj00001epvHgAAI,null,null,null,null,null,null,Bulk wholesale inventory purchase,null,null,005fj00000Ji4eTAAR,2026-08-12T08:18:09.000Z,005fj00000Ji4eTAAR,2026-08-12T08:18:09.000Z,005fj00000Ji4eTAAR,2026-08-12T08:18:09.000Z,null,null,null,null,null,Pending,null,null,null,null,null,null,null,null,null,null,null,null,null,null,null,null,2026-08-12T08:18:09.000Z,null
